Peak#,Amplitude,Center (ppm),Width,Area
1,4757384.319976039,70.23790580283693,4.572044999999998,54521609.42013488
2,15515568.473388176,78.9205774907096,3.7390624094175835,145418727.6946792
