Peaks,AIC,BIC,R²
2,102731.99589238431,102769.83176165012,0.9955718489633576
3,96375.94528385406,96432.69908775277,0.999080265920368
4,91093.80891509504,91169.48065362664,0.999750931792221
